"author";"year";"title";"container";"location_or_publisher";"pages";"institution";"journal";"type";"tag";"source_book"
"Abel, K.";"1967";"Bauformen in Senecas Dialogen";NA;"Heidelberg";NA;NA;NA;"book";"Abel1967";"The Therapy of Desire"
"Annas, J.";"1992";"Hellenistic Philosophy of Mind";NA;"Berkeley";NA;NA;NA;"book";"Annas1992";"The Therapy of Desire"
"Annas, J. and Barnes, J.";"1985";"The Modes of Scepticism: Ancient Texts and Modern Interpretations";NA;"Cambridge";NA;NA;NA;"book";"AnnasBarnes1985";"The Therapy of Desire"
"Barnes, J.";"1985";"The Modes of Scepticism: Ancient Texts and Modern Interpretations";NA;"Cambridge";NA;NA;NA;"book";"Barnes1985";"The Therapy of Desire"
"Blum, L.";"1980";"Friendship, Altruism, and Morality";NA;"London";NA;NA;NA;"book";"Blum1980";"The Therapy of Desire"
"Blundell, S.";"1986";"The Origins of Civilization in Greek and Roman Thought";NA;"London";NA;NA;NA;"book";"Blundell1986";"The Therapy of Desire"
"Bollack, J.";"1975";"La pensee du plaisir";NA;"Paris";NA;NA;NA;"book";"Bollack1975";"The Therapy of Desire"
"Bollack, M.";"1978";"La raison du Lucrece";NA;"Paris";NA;NA;NA;"book";"Bollack1978";"The Therapy of Desire"
"Bollas, C.";"1987";"The Shadow of the Object: Psychoanalysis of the Unthought Known. London. Bonhi.iffer, A. ( 1894). Die Ethik des Stoikers Epictet";NA;"Stuttgart";NA;NA;NA;"book";"Bollas1987";"The Therapy of Desire"
"Bonnefoy, Y.";"1991";"Greek and English Mythologies. Trans. under direction of W. Doniger";NA;"Chicago";NA;NA;NA;"book";"Bonnefoy1991";"The Therapy of Desire"
"Brandt, R. B.";"1979";"A Theory of the Good and the Right";NA;"Oxford";NA;NA;NA;"book";"Brandt1979";"The Therapy of Desire"
"Brown, R. D.";"1987";"Lucretius on Love and Sex";NA;"Leiden";NA;NA;NA;"book";"Brown1987";"The Therapy of Desire"
"Buxton, R. G. A.";"1982";"Persuasion in Greek Tragedy: A Study of Peitho";NA;"Cambridge";NA;NA;NA;"book";"Buxton1982";"The Therapy of Desire"
"Cavell, S.";"1979";"The Claim of Reason";NA;"Oxford";NA;NA;NA;"book";"Cavell1979";"The Therapy of Desire"
"Charles, D.";"1984";"Aristotle's Philosophy of Action";NA;"London";NA;NA;NA;"book";"Charles1984";"The Therapy of Desire"
"Chen, M.";"1983";"A Quiet Revolution: Women in Transition in Rural Bangladesh";NA;"Cambridge, Mass";NA;NA;NA;"book";"Chen1983";"The Therapy of Desire"
"Chilton, C. W.";"1967";"Diogenes Oenoandensis";NA;"Leipzig";NA;NA;NA;"book";"Chilton1967";"The Therapy of Desire"
"Chilton, C. W.";"1971";"Diogenes of Oenoanda: The Fragments";NA;"London and New York";NA;NA;NA;"book";"Chilton1971";"The Therapy of Desire"
"Clay, D.";"1983";"Lucretius and Epicurus";NA;"Ithaca";NA;NA;NA;"book";"Clay1983";"The Therapy of Desire"
"Collins, S.";"1982";"Selfl,ess Persons: Imagery and Thought in Theravada Buddhism";NA;"Cambridge";NA;NA;NA;"book";"Collins1982";"The Therapy of Desire"
"Copley, F. 0.";"1956";"Exclusus Amator: A Study in Latin Love Poetry. Monographs of the American Philosophical Association, 17";NA;"Baltimore";NA;NA;NA;"book";"Copley1956";"The Therapy of Desire"
"Cupaiuolo, G.";"1975";"Introduzione al ""De ira "" di Seneca";NA;"Naples";NA;NA;NA;"book";"Cupaiuolo1975";"The Therapy of Desire"
"D'Agostino, F.";"1973";"Epieikeia: Il tema dell'equita nell'antichita Greca";NA;"Milan";NA;NA;NA;"book";"D'Agostino1973";"The Therapy of Desire"
"De Sousa, R.";"1987";"The Rationality of Emotion";NA;"Cambridge, Mass";NA;NA;NA;"book";"DeSousa1987";"The Therapy of Desire"
"Witt, N. W.";"1954";"Epicurus and His Philosophy";NA;"Minneapolis";NA;NA;NA;"book";"Witt1954";"The Therapy of Desire"
"Diano, C.";"1974";"Epicuri Ethica et Epistulae";NA;"Florence";NA;NA;NA;"book";"Diano1974";"The Therapy of Desire"
"Doniger, Wendy.";"1973";"Siva: The Erotic Ascetic";NA;"Chicago";NA;NA;NA;"book";"Doniger1973";"The Therapy of Desire"
"During, I.";"1966";"Aristoteles";NA;"Heidelberg";NA;NA;NA;"book";"During1966";"The Therapy of Desire"
"Englert, W.";"1988";"Epicurus on the Swerve and Free Action. American Classical Studies, 16";NA;"Atlanta";NA;NA;NA;"book";"Englert1988";"The Therapy of Desire"
"Fairbairn, W. R.D.";"1952";"Psychoanalytic Studies of the Personality";NA;"London";NA;NA;NA;"book";"Fairbairn1952";"The Therapy of Desire"
"Lahille, J.";"1984";"Le De Ira de Seneque et la philosophie stoicienne des passions";NA;"Paris";NA;NA;NA;"book";"Lahille1984";"The Therapy of Desire"
"Fish, S.";"1989";"Doing What Comes Naturally: Change, Rhetoric, and the Practice of Theory in Literary and Legal Studies";NA;"Durham";NA;NA;NA;"book";"Fish1989";"The Therapy of Desire"
"Fortenbaugh, W.";"1975";"Aristotle on Emotion";NA;"London";NA;NA;NA;"book";"Fortenbaugh1975";"The Therapy of Desire"
"Foucault, M.";"1984";"Histoire de la sexualite. Vol. 3 , Le souci de soi";NA;"Paris";NA;NA;NA;"book";"Foucault1984";"The Therapy of Desire"
"Frede, M.";"1974";"Die Stoische Logik";NA;"Göttingen";NA;NA;NA;"book";"Frede1974";"The Therapy of Desire"
"Frischer, B.";"1982";"The Sculpted Word";NA;"Berkeley";NA;NA;NA;"book";"Frischer1982";"The Therapy of Desire"
"Furley, D. J.";"1967";"Two Studies in the Greek Atomists";NA;"Princeton";NA;NA;NA;"book";"Furley1967";"The Therapy of Desire"
"Goldschmidt, V.";"1977";"La doctrine d'Epicure et le droit";NA;"Paris";NA;NA;NA;"book";"Goldschmidt1977";"The Therapy of Desire"
"Griffin, J.";"1980";"Homer on Life and Death";NA;"Oxford";NA;NA;NA;"book";"Griffin1980";"The Therapy of Desire"
"Griffin, M.";"1976";"Seneca: A Philosopher in Politics";NA;"Oxford";NA;NA;NA;"book";"Griffin1976";"The Therapy of Desire"
"Guthrie, W.K.C.";"1975";"Plato: The Man and His Dialogues, Earlier Period. A History of Greek Philosophy. Vol. 4";NA;"Cambridge";NA;NA;NA;"book";"Guthrie1975";"The Therapy of Desire"
"Hadot, I.";"1969";"Seneca und die griechische-romische Tradition der Seelenleitung";NA;"Berlin";NA;NA;NA;"book";"Hadot1969";"The Therapy of Desire"
"Hadot, P.";"1981";"Exercises spirituels et philosophie antique";NA;"Paris";NA;NA;NA;"book";"Hadot1981";"The Therapy of Desire"
"Halliwell, S.";"1986";"Aristotle's Poetics";NA;"Chapel Hill";NA;NA;NA;"book";"Halliwell1986";"The Therapy of Desire"
"Halperin, D.";"1990";"One Hundred Years of Homosexuality and Other Essays on Greek Love";NA;"New York";NA;NA;NA;"book";"Halperin1990";"The Therapy of Desire"
"Hardie, P.";"1986";"Cosmos and Imperium";NA;"Oxford";NA;NA;NA;"book";"Hardie1986";"The Therapy of Desire"
"Hare, R. M.";"1981";"Moral Thinking: Its Levels, Method, and Point";NA;"Oxford";NA;NA;NA;"book";"Hare1981";"The Therapy of Desire"
"Harris, W.";"1990";"Ancient Literacy";NA;"Cambridge, Mass";NA;NA;NA;"book";"Harris1990";"The Therapy of Desire"
"Inwood, B.";"1985";"Ethics and Human Action in Early Stoicism";NA;"Oxford";NA;NA;NA;"book";"Inwood1985";"The Therapy of Desire"
"loppolo, A. M.";"1980";"Aristone di Chio elo Stoicismo antico";NA;"Naples";NA;NA;NA;"book";"loppolo1980";"The Therapy of Desire"
"Kenny, A.";"1963";"Action, Emotion, and Will";NA;"London";NA;NA;NA;"book";"Kenny1963";"The Therapy of Desire"
"Kenney, E. J.";"1977";"Lucretius. Greece and Rome New Surveys in the Classics, 11";NA;"Oxford";NA;NA;NA;"book";"Kenney1977";"The Therapy of Desire"
"Klein, M.";"1984";"Envy, Gratitude, and Other Works, 1946- 1963";NA;"London";NA;NA;NA;"book";"Klein1984";"The Therapy of Desire"
"Klein, M.";"1985";"Love, Guilt, and Reparation and Other Works, 1921 -45";NA;"London";NA;NA;NA;"book";"Klein1985";"The Therapy of Desire"
"Konstan, D.";"1973";"Some Aspects of Epicurean Psychology";NA;"Leiden";NA;NA;NA;"book";"Konstan1973";"The Therapy of Desire"
"Konstan, D.";"1977";"Catullus' Indictment of Rome";NA;"Amsterdam";NA;NA;NA;"book";"Konstan1977";"The Therapy of Desire"
"Laursen, J. C.";"1992";"The Politics of Skepticism";NA;"Leiden";NA;NA;NA;"book";"Laursen1992";"The Therapy of Desire"
"Lazarus, R.";"1991";"Emotion and Adaptation";NA;"New York";NA;NA;NA;"book";"Lazarus1991";"The Therapy of Desire"
"Lefkowitz, M.";"1986";"Women in Greek Myth";NA;"Baltimore";NA;NA;NA;"book";"Lefkowitz1986";"The Therapy of Desire"
"Lieberg, G.";"1962";"Puella Divina. Die Gestalt des gottlichen Geliebten bei Catull im Zusammenhang der antiken Dichtung";NA;"Amsterdam";NA;NA;NA;"book";"Lieberg1962";"The Therapy of Desire"
"Lloyd, G.E.R.";"1981";"Magic, Reason, and Experience";NA;"Cambridge";NA;NA;NA;"book";"Lloyd1981";"The Therapy of Desire"
"Lloyd, G.E.R.";"1983";"Science, Folklore, and Ideology: Studies in the Life Sciences in Ancient Greece";NA;"Cambridge";NA;NA;NA;"book";"Lloyd1983";"The Therapy of Desire"
"Lloyd, G.E.R.";"1989";"The Revolutions of Wisdom";NA;"Berkeley";NA;NA;NA;"book";"Lloyd1989";"The Therapy of Desire"
"Logre, J. B.";"1946";"L'anxiete de Lucrece";NA;"Paris";NA;NA;NA;"book";"Logre1946";"The Therapy of Desire"
"Long, A. A.";"1974";"Hellenistic Philosophy";NA;"London";NA;NA;NA;"book";"Long1974";"The Therapy of Desire"
"Lovejoy, A., and Boas, G.";"1935";"Primitivism and Related Ideas in Antiquity";NA;"Baltimore";NA;NA;NA;"book";"LovejoyBoas1935";"The Therapy of Desire"
"Luria, S.";"1970";"Demokrit";NA;"Leningrad";NA;NA;NA;"book";"Luria1970";"The Therapy of Desire"
"Lutz, C.";"1988";"Unnatural Emotions";NA;"Chicago";NA;NA;NA;"book";"Lutz1988";"The Therapy of Desire"
"Macintyre, A.";"1981";"After Virtue";NA;"Notre Dame";NA;NA;NA;"book";"Macintyre1981";"The Therapy of Desire"
"Macintyre, A.";"1988";"Whose Justice? Which Rationality?";NA;"Notre Dame";NA;NA;NA;"book";"Macintyre1988";"The Therapy of Desire"
"Mahabharata.";"1973";"Vol. 1 , Of the Beginning. Trans. J . van Buitenen";NA;"Chicago";NA;NA;NA;"book";"Mahabharata.1973";"The Therapy of Desire"
"Marrou, H.-I.";"1956";"A History of Education in Antiquity. Trans. G. Lamb";NA;"London";NA;NA;NA;"book";"Marrou1956";"The Therapy of Desire"
"Mitsis, P.";"1988";"Epicurus' Ethical Theory: The Pleasures of Invulnerability";NA;"Ithaca";NA;NA;NA;"book";"Mitsis1988";"The Therapy of Desire"
"Motto, A. L.";"1970";"Seneca: A Sourcebook";NA;"Amsterdam";NA;NA;NA;"book";"Motto1970";"The Therapy of Desire"
"Murphy, J. G., and Hampton, J.";"1988";"Forgiveness and Mercy";NA;"Cambridge";NA;NA;NA;"book";"MurphyHampton1988";"The Therapy of Desire"
"Nussbaum, M.";"1978";"Aristotle's De Motu Animalium";NA;"Princeton";NA;NA;NA;"book";"Nussbaum1978";"The Therapy of Desire"
"Nussbaum, M.";"1986";"The Fragility of Goodness: Luck and Ethics in Greek Tragedy and Philosophy";NA;"Cambridge";NA;NA;NA;"book";"Nussbaum1986";"The Therapy of Desire"
"Nussbaum, M.";"1990";"Love's Knowledge: Essays on Philosophy and Literature";NA;"Oxford";NA;NA;NA;"book";"Nussbaum1990a";"The Therapy of Desire"
"Oatley, K.";"1992";"Best Laid Schemes";NA;"Cambridge";NA;NA;NA;"book";"Oatley1992";"The Therapy of Desire"
"PMfit, D.";"1984";"Reasons and Persons";NA;"Oxford";NA;NA;NA;"book";"PMfit1984";"The Therapy of Desire"
"Patin, M.";"1883";"E tudes sur la poesie latine";NA;"Paris";NA;NA;NA;"book";"Patin1883";"The Therapy of Desire"
"Perelli, L.";"1969";"Lucrezio Poetii dell' Angoscia";NA;"Florence";NA;NA;NA;"book";"Perelli1969";"The Therapy of Desire"
"Pigeaud, J.";"1981";"La maladie de l'dme: E tude sur la relation de l' ame et du corps dans la tradition medico-philosophique antique";NA;"Paris";NA;NA;NA;"book";"Pigeaud1981";"The Therapy of Desire"
"Pogge, T.";"1989";"Realizing Rawls";NA;"Ithaca";NA;NA;NA;"book";"Pogge1989";"The Therapy of Desire"
"Pomeroy, S. B.";"1975";"Goddesses, Whores, Wives, and Slaves: Women in Classical Antiquity";NA;"New York";NA;NA;NA;"book";"Pomeroy1975";"The Therapy of Desire"
"Pratt, N. T.";"1983";"Seneca's Drama";NA;"Chapel Hill";NA;NA;NA;"book";"Pratt1983";"The Therapy of Desire"
"Price, A. W.";"1989";"Love and Friendship in Plato and Aristotle";NA;"Oxford";NA;NA;NA;"book";"Price1989";"The Therapy of Desire"
"Putnam, H.";"1981";"Reason, Truth, and History";NA;"Cambridge, Mass";NA;NA;NA;"book";"Putnam1981";"The Therapy of Desire"
"Rabbow, P.";"1914";"Antike Schriften uber Seelenheilung und Seelenleitung auf ihre Quellen untersucht. Vol. 1 , Die Therapie des Zorns";NA;"Leipzig";NA;NA;NA;"book";"Rabbow1914";"The Therapy of Desire"
"Rawls, J.";"1971";"A Theory ofjustice";NA;"Cambridge, Mass";NA;NA;NA;"book";"Rawls1971";"The Therapy of Desire"
"Rist, J. M.";"1969";"Stoic Philosophy";NA;"Cambridge";NA;NA;NA;"book";"Rist1969";"The Therapy of Desire"
"Rist, J. M.";"1972";"Epicurus: An Introduction";NA;"Cambridge";NA;NA;NA;"book";"Rist1972";"The Therapy of Desire"
"Rodis-Lewis, G.";"1975";"Epicure et son ecole";NA;"Paris";NA;NA;NA;"book";"Rodis-Lewis1975";"The Therapy of Desire"
"Rorty, R.";"1982";"Consequences of Pragmatism";NA;"Minneapolis";NA;NA;NA;"book";"Rorty1982";"The Therapy of Desire"
"Rosenmeyer, T. G.";"1989";"Senecan Drama and Stoic Cosmology";NA;"Berkeley";NA;NA;NA;"book";"Rosenmeyer1989";"The Therapy of Desire"
"Russell, B.";"1953";"The Conquest of Happiness";NA;"New York";NA;NA;NA;"book";"Russell1953";"The Therapy of Desire"
"Croix, G.E.M. de.";"1981";"The Class Struggle in the Ancient Greek World";NA;"London";NA;NA;NA;"book";"Croix1981";"The Therapy of Desire"
"Salkever, S.";"1989";"Finding the Mean";NA;"Princeton";NA;NA;NA;"book";"Salkever1989";"The Therapy of Desire"
"Sandbach, F. H.";"1975";"The Stoics";NA;"London";NA;NA;NA;"book";"Sandbach1975";"The Therapy of Desire"
"Santayana, G.";"1910";"Three Philosophical Poets";NA;"Cambridge";NA;NA;NA;"book";"Santayana1910";"The Therapy of Desire"
"Schofield, M.";"1991";"The Stoic Idea of the City";NA;"Cambridge";NA;NA;NA;"book";"Schofield1991";"The Therapy of Desire"
"Schrijvers, P. H.";"1970";"Horror ac Divina Voluptas: Etudes sur la poetique et la poesie de Lucrece";NA;"Amsterdam";NA;NA;NA;"book";"Schrijvers1970";"The Therapy of Desire"
"Scruton, R.";"1986";"Sexual Desire";NA;"New York";NA;NA;NA;"book";"Scruton1986";"The Therapy of Desire"
"Segal, C. P.";"1986";"Language and Desire in Seneca 's Phaedra";NA;"Princeton";NA;NA;NA;"book";"Segal1986";"The Therapy of Desire"
"Segal, C. P.";"1990";"Lucretius on Death and Anxiety";NA;"Princeton";NA;NA;NA;"book";"Segal1990";"The Therapy of Desire"
"Sen, A.";"1985";"Commodities and Capabilities";NA;"Amsterdam";NA;NA;NA;"book";"Sen1985";"The Therapy of Desire"
"Sherman, N.";"1989";"The Fabric of Character: Aristotle's Theory of Virtue";NA;"Oxford";NA;NA;NA;"book";"Sherman1989";"The Therapy of Desire"
"Shibles, W.";"1974";"Death";NA;"Whitewater, Wis";NA;NA;NA;"book";"Shibles1974";"The Therapy of Desire"
"Sihvola, J.";"1989";"Decay, Progress, the Good Life ? Hesiod and Protagoras on the Development of Culture. Societas Scientarum Fennica";NA;"Helsinki";NA;NA;NA;"book";"Sihvola1989";"The Therapy of Desire"
"Simon, B.";"1978";"Mind and Madness in Ancient Greece";NA;"Ithaca";NA;NA;NA;"book";"Simon1978";"The Therapy of Desire"
"Sinaiko, H.";"1965";"Love, Knowledge, and Discourse";NA;"Chicago";NA;NA;NA;"book";"Sinaiko1965";"The Therapy of Desire"
"Sorabji, R.";"1983";"Time, Creation and the Continuum";NA;"London";NA;NA;NA;"book";"Sorabji1983";"The Therapy of Desire"
"Sorabji, R.";"1993";"Man and Beast. Townsend Lectures, Cornell University, 1991";NA;"Ithaca";NA;NA;NA;"book";"Sorabji1993";"The Therapy of Desire"
"Stevens, W.";"1954";"The Collected Poems";NA;"London";NA;NA;NA;"book";"Stevens1954";"The Therapy of Desire"
"Syme, R.";"1964";"Sallust";NA;"Berkeley";NA;NA;NA;"book";"Syme1964";"The Therapy of Desire"
"Taylor, Charles.";"1989";"Sources of the Self: The Making of Modern Identity";NA;"Cambridge, Mass";NA;NA;NA;"book";"Taylor1989";"The Therapy of Desire"
"Usener, H.";"1887";"Epicurea";NA;"Leipzig";NA;NA;NA;"book";"Usener1887";"The Therapy of Desire"
"Vlastos, G.";"1973";"Platonic Studies";NA;"Princeton";NA;NA;NA;"book";"Vlastos1973";"The Therapy of Desire"
"Vlastos, G.";"1991";"Socrates: Ironist and Moral Philosopher";NA;"Cambridge";NA;NA;NA;"book";"Vlastos1991";"The Therapy of Desire"
"Walzer, M.";"1983";"Spheres ofjustice: A Defense of Pluralism and Equality";NA;"Cambridge, Mass";NA;NA;NA;"book";"Walzer1983";"The Therapy of Desire"
"Whitehead, D.";"1977";"The Ideology of the Athenian Metic. PCPS Supp. Vol. 4";NA;"Cambridge";NA;NA;NA;"book";"Whitehead1977";"The Therapy of Desire"
"Whitman, W.";"1973";"Leaves of Grass. Norton Critical Edition";NA;"New York";NA;NA;NA;"book";"Whitman1973";"The Therapy of Desire"
"Williams, B.A.0.";"1985";"Ethics and the Limits of Philosophy";NA;"Cambridge, Mass";NA;NA;NA;"book";"Williams1985";"The Therapy of Desire"
"Winkler, J. J.";"1990";"The Constraints of Desire: The Anthropology of Sex and Gender in Ancient Greece";NA;"New York";NA;NA;NA;"book";"Winkler1990";"The Therapy of Desire"
"Wolf, S.";"1990";"Freedom within Reason";NA;"New York";NA;NA;NA;"book";"Wolf1990";"The Therapy of Desire"
"Bowlby, J.";"1980";"Loss: Sadness and Depression";NA;"New York";NA;NA;NA;"book";"Bowlby1980";"The Therapy of Desire"
"Christensen, J.";"1962";"An Essay on the Unity of Stoic Philosophy";NA;"Copenhagen";NA;NA;NA;"book";"Christensen1962";"The Therapy of Desire"
"Dingel, J.";"1974";"Seneca und die Dichtung";NA;"Heidelberg";NA;NA;NA;"book";"Dingel1974";"The Therapy of Desire"
"Hense, 0., ed.";"1905";"C. Musonii Rufi Reliquiae";NA;"Leipzig";NA;NA;NA;"book";"Hense1905a";"The Therapy of Desire"
"Zwierlein, 0.";"1966";"Die Rezitations-dramen Senecas";NA;"Meisenheim-am-Glan";NA;NA;NA;"book";"Zwierlein1966a";"The Therapy of Desire"
"Zwierlein, 0.";"1986";"Kritischer Kommentar zu den Tragodien Senecas";NA;"Mainz Stuttgart";NA;NA;NA;"book";"Zwierlein1986";"The Therapy of Desire"
"Dover, K. J.";"1974";"Greek Popular Morality in the Time of Plato and Aristotle";NA;"Oxford";NA;NA;NA;"book";"Dover1974";"The Therapy of Desire"
"Dover, K. J.";"1989";"Greek Homosexuality";NA;"Cambridge, Mass";NA;NA;NA;"book";"Dover1989";"The Therapy of Desire"
"Brunschwig, J., and Nussbaum, M., eds.";"1993";"Passions & Perceptions: Proceed ings of the jth Symposium Hellenisticum";NA;"Cambridge";NA;NA;NA;"edition";"BrunschwigNussbaum1993";"The Therapy of Desire"
"Dreze, J. , and Sen, A., eds.";"1989";"Hunger and Public Action";NA;"Oxford";NA;NA;NA;"edition";"DrezeSen1989";"The Therapy of Desire"
"Edelstein, L., and Kidd, I. G., eds.";"1972";"Posidonius. Vol. 1 , The fragments";NA;"Cambridge";NA;NA;NA;"edition";"EdelsteinKidd1972";"The Therapy of Desire"
"Griffin, M., and Barnes, J., eds.";"1989";"Philosophia Tagata";NA;"Oxford";NA;NA;NA;"edition";"GriffinBarnes1989";"The Therapy of Desire"
"Hume, D.";"1739";"A Treatise of Human Nature";NA;"Oxford";NA;NA;NA;"edition";"Hume1739";"The Therapy of Desire"
"Nussbaum, M., and Rotty, A., eds.";"1992";"Essays on Aristotle's De Anima";NA;"Oxford";NA;NA;NA;"edition";"NussbaumRotty1992";"The Therapy of Desire"
"Nussbaum, M., and Sen, A., eds.";"1993";"The Quality of Life";NA;"Oxford";NA;NA;NA;"edition";"NussbaumSen1993";"The Therapy of Desire"
"Schofield, M., and Striker, G. eds.";"1986";"The Norms of Nature";NA;"Cambridge";NA;NA;NA;"edition";"SchofieldStriker1986";"The Therapy of Desire"
"Schofield, M., Burnyeat, M. F. , and Barnes, J. , eds.";"1980";"Doubt and Dogmatism: Studies in Hellenistic Epistemology";NA;"Oxford";NA;NA;NA;"edition";"SchofieldBurnyeatBarnes1980";"The Therapy of Desire"
"Classen, C. J. , ed.";"1986";"Probleme der Lukrezforschung";NA;"Hildesheim";NA;NA;NA;"edition";"Classen1986";"The Therapy of Desire"
"Freud, S.";"1900";"The Interpretation of Dreams";NA;"London";NA;NA;NA;"edition";"Freud1900";"The Therapy of Desire"
"Reynolds, L. D. , ed.";"1977";"Seneca: Dialogi. Oxford Classical Text";NA;"Oxford";NA;NA;NA;"edition";"Reynolds1977";"The Therapy of Desire"
"Ahl, F., trans.";"1986";"Seneca: Medea";NA;"Ithaca";NA;NA;NA;"edition";"Ahl1986";"The Therapy of Desire"
"Arnim, H. von.";"1903";"Stoicorum Veterum Fragmenta. 3 vols";NA;"Leipzig";NA;NA;NA;"edition";"Arnim1903";"The Therapy of Desire"
"Arrighetti, G. ed. and trans.";"1960";"Epicuro Opere";NA;"Turin";NA;NA;NA;"edition";"Arrighetti1960";"The Therapy of Desire"
"Bailey, C., ed.";"1900";"Lucreti De Rerum Natura. Oxford Classical Text";NA;"Oxford";NA;NA;NA;"edition";"Bailey1900";"The Therapy of Desire"
"Bailey, C., ed. and trans.";"1926";"Epicurus: The Extant Remains";NA;"Oxford";NA;NA;NA;"edition";"Bailey1926";"The Therapy of Desire"
"Bailey, C., ed.";"1947";"Titi Lucreti Cari De Rerum Natura, with Prolegomena, Critical Apparatus, Translation, and Commentary. 3 vols";NA;"Oxford";NA;NA;NA;"edition";"Bailey1947";"The Therapy of Desire"
"Bourgery, A., ed.";"1922";"Seneca. De Ira";NA;"New York";NA;NA;NA;"edition";"Bourgery1922";"The Therapy of Desire"
"Boyle, A. J. , ed.";"1983";"Seneca Tragicus";NA;"Victoria, Australia";NA;NA;NA;"edition";"Boyle1983";"The Therapy of Desire"
"Brieger, A.";"1908";"Review of W. A. Merrill's edition of Lucretius";NA;"Berliner Philologische Wochenschrift";NA;NA;NA;"edition";"Brieger1908";"The Therapy of Desire"
"Burnyeat, M. F., ed.";"1983";"The Skeptical Tradition";NA;"Berkeley";NA;NA;NA;"edition";"Burnyeat1983";"The Therapy of Desire"
"Busa, R., and Zampolli, A.";"1975";"Concordantiae Senecanae. 2 vols";NA;"Hildesheim";NA;NA;NA;"edition";"BusaZampolli1975";"The Therapy of Desire"
"Chilton, C. W., ed.";"1976";"Epicurus' Letter to Mother";NA;NA;NA;NA;NA;"edition";"Chilton1976";"The Therapy of Desire"
"Costa, C. D. N., ed.";"1973";"Seneca. Medea";NA;"Oxford";NA;NA;NA;"edition";"Costa1973";"The Therapy of Desire"
"Costa, C. D. N., ed.";"1984";"Lucretius De Rerum Natura V";NA;"Oxford";NA;NA;NA;"edition";"Costa1984";"The Therapy of Desire"
"De Lacy, P., ed.";"1978";"Galen, De Placitis Hippocratis et Platonis. Corpus Medicorum Graecorum";NA;"Berlin";NA;NA;NA;"edition";"Lacy1978";"The Therapy of Desire"
"Diels, H., and Kranz, W., eds.";"1968";"Fragmente der Vorsokratiker. 3 vols";NA;"Dublin and Zürich";NA;NA;NA;"edition";"DielsKranz1968";"The Therapy of Desire"
"Haase, F., ed.";"1897";"L. Annaei Senecae Opera Quae Supersunt. 3 Vols";NA;"Leipzig";NA;NA;NA;"edition";"Haase1897";"The Therapy of Desire"
"Hense, 0., ed.";"1905";"C. Musonii Rufi Reliquiae";NA;"Leipzig";NA;NA;NA;"edition";"Hense1905b";"The Therapy of Desire"
"Henry, D., and Henry, E.";"1985";"The Mask of Power: Seneca's Tragedies and Imperial Rome";NA;"Warminster";NA;NA;NA;"edition";"HenryHenry1985";"The Therapy of Desire"
"Hershbell, J. P., ed.";"1981";"Pseudo-Plato, Axiochus";NA;"Chicago";NA;NA;NA;"edition";"Hershbell1981";"The Therapy of Desire"
"Hossenfelder, M., intro. and trans.";"1968";"Sextus Empiricus. Grundriss der Pyr rhonischen Skepsis";NA;"Frankfurt";NA;NA;NA;"edition";"Hossenfelder1968";"The Therapy of Desire"
"Humphries, R., trans.";"1968";"Lucretius: The Way Things Are";NA;"Bloomington";NA;NA;NA;"edition";"Humphries1968";"The Therapy of Desire"
"Jaeger, W.";"1934";"Aristotle: Fundamentals of the History of His Development, trans. R. Robinson";NA;"Oxford";NA;NA;NA;"edition";"Jaeger1934";"The Therapy of Desire"
"Kenney, E. J., ed.";"1971";"Lucretius, De Rerum Natura, Book III";NA;"Cambridge";NA;NA;NA;"edition";"Kenney1971";"The Therapy of Desire"
"Locke, J.";"1690";"An Essay Concerning Human Understanding. Ed. P. H. Nid- ditch";NA;"Oxford";NA;NA;NA;"edition";"Locke1690";"The Therapy of Desire"
"Long, A. A., ed.";"1971";"Problems in Stoicism";NA;"London";NA;NA;NA;"edition";"Long1971";"The Therapy of Desire"
"Long, A. A. , and Sedley, D.";"1987";"The Hellenistic Philosophers. 2 vols";NA;"Cambridge";NA;NA;NA;"edition";"LongSedley1987";"The Therapy of Desire"
"MacLeod, C. W. , ed. and comm.";"1982";"Homer: Iliad 24";NA;"Cambridge";NA;NA;NA;"edition";"MacLeod1982";"The Therapy of Desire"
"Miller, F. J. , ed. and trans.";"1917";"Seneca's Tragedies. 2 vols. Loeb Classical Li brary";NA;"London and Cambridge, Mass";NA;NA;NA;"edition";"Miller1917";"The Therapy of Desire"
"Newman, W. D.";"1887";"Aristotle: Politics. 4 vols";NA;"Oxford";NA;NA;NA;"edition";"Newman1887";"The Therapy of Desire"
"Nussbaum, M., ed.";"1990";"The Poetics of Therapy: Hellenistic Ethics in Its Rhetorical and Literary Context";NA;"";NA;NA;NA;"edition";"Nussbaum1990b";"The Therapy of Desire"
"Olivieri, A., ed.";"1914";"Philodemus: Peri Parrhesias";NA;"Leipzig";NA;NA;NA;"edition";"Olivieri1914";"The Therapy of Desire"
"Owen, G.E.L.";"1986";"Logic, Science, and Dialectic: Collected Papers in Greek Philosophy. Ed. M. Nussbaum";NA;"London and Ithaca";NA;NA;NA;"edition";"Owen1986";"The Therapy of Desire"
"Pease, A. S., ed. and comm.";"1955";"M. Tulli Ciceronis de Natura Deorum fiber primus";NA;"Cambridge, Mass";NA;NA;NA;"edition";"Pease1955";"The Therapy of Desire"
"Pohlenz, M.";"1970";"Die Stoa: Geschichte einer geistigen Bewegung. 2 vols. 4th ed";NA;"Göttingen";NA;NA;NA;"edition";"Pohlenz1970";"The Therapy of Desire"
"Regenbogen, 0.";"1930";""" S chmerz und Tod in den Tragodien Senecas. "" Vortrage der B ibliothek Warburg, Vortrage 1927- 1928 , ed. F";NA;"Leipzig and Berlin";NA;NA;NA;"edition";"Regenbogen1930";"The Therapy of Desire"
"Reynolds, L. D., ed.";"1965";"Seneca: Ad Lucilium Epistulae Morales. Oxford Clas sical Text";NA;"Oxford";NA;NA;NA;"edition";"Reynolds1965";"The Therapy of Desire"
"Rist, J. M., ed.";"1978";"The Stoics";NA;"Berkeley";NA;NA;NA;"edition";"Rist1978";"The Therapy of Desire"
"Rorty, A. , ed.";"1980";"Essays on Aristotle's Ethics";NA;"Berkeley";NA;NA;NA;"edition";"Rorty1980";"The Therapy of Desire"
"Wilke, C., ed.";"1974";"Philodemi De Ira fiber";NA;"Leipzig";NA;NA;NA;"edition";"Wilke1974";"The Therapy of Desire"
"Zwierlein, 0., ed.";"1966";"Seneca: Tragoediae";NA;"Oxford";NA;NA;NA;"edition";"Zwierlein1966b";"The Therapy of Desire"
"Fantham, E.";"1982";"Seneca's Troades: A Literary Introduction with Text, Transla tion and Commentary";NA;"Princeton";NA;NA;NA;"book";"Fantham1982a";"The Therapy of Desire"
"Rabbow,";NA;"";NA;"";NA;NA;NA;"";"RabbowNA";"The Therapy of Desire"
"Aubenque, P.";"1957";"La definition aristotelicienne de la colere.";NA;NA;NA;NA;"Revue philosophique de la France et de l'_tranger";"article";"AubenqueP1957";"The Therapy of Desire"
"Bailey, C.";"1938";"The Mind of Lucretius.";NA;NA;NA;NA;"American Journal of Philology";"article";"BaileyC1938";"The Therapy of Desire"
"Barnes, J.";"1982";"The Beliefs of a Pyrrhonist.";NA;NA;NA;NA;"Proceedings of the Cambridge Philological Society";"article";"BarnesJ1982";"The Therapy of Desire"
"Betensky, A.";"1980";"Lucretius and Love.";NA;NA;NA;NA;"Classical World";"article";"BetenskyA1980";"The Therapy of Desire"
"Brock, D .";"1986";"Justice and the Severly Demented Elderly.";NA;NA;NA;NA;"Journal of Medicine and Philosophy";"article";"BrockD1986";"The Therapy of Desire"
"Brueckner, A., and Fischer, ]. M.";"1986";"Why Is Death Bad ?";NA;NA;NA;NA;"Philosophical Studies";"article";"BruecknerAandFischerM1986";"The Therapy of Desire"
"Campbell, K.";"1985";"Self-mastery and Stoic Ethics.";NA;NA;NA;NA;"Philosophy";"article";"CampbellK1985";"The Therapy of Desire"
"Chilton, C. W.";"1960";"Djd Epicurus Approve of Marriage ?";NA;NA;NA;NA;"Phronesis";"article";"ChiltonCW1960";"The Therapy of Desire"
"Classen, C. ].";"1968";"Poetry and Rhetoric in Lucretius.";NA;NA;NA;NA;"Transactions of the American Philological Association";"article";"ClassenC1968";"The Therapy of Desire"
"Clay, D.";"1984";NA;NA;NA;NA;NA;"Review of Frischer";"article";"ClayD1984";"The Therapy of Desire"
"Clay, D .";"1986";"The Cults of Epicurus.";NA;NA;NA;NA;"Cronache Ercolanesi";"article";"ClayD1986";"The Therapy of Desire"
"Commager, H. S., Jr.";"1957";"Lucretius' Interpretation of the Plague.";NA;NA;NA;NA;"Harvard Studies in Classical Philology";"article";"CommagerHSJr1957";"The Therapy of Desire"
"Crocker, D .";"1992";"Functioning and Capability: The Foundations of Nussbaum's and Sen's Development Ethic.";NA;NA;NA;NA;"Political Theory";"article";"CrockerD1992";"The Therapy of Desire"
"Davidson, A.";"1990";"Spiritual Exercises and Ancient Philosophy : An Introduc tion to Pierre Hadot.";NA;NA;NA;NA;"Critical Inquiry";"article";"DavidsonA1990";"The Therapy of Desire"
"Lacy, P.";"1948";"Stoic Views of Poetry.";NA;NA;NA;NA;"American Journal of Philology";"article";"LacyP1948";"The Therapy of Desire"
"Lacy, P.";"1958";"Ou mallon and the Antecedents of Ancient Scepticism.";NA;NA;NA;NA;"Phronesis";"article";"LacyP1958";"The Therapy of Desire"
"Egermann, F.";"1940";"Seneca als Dichterphilosoph.";NA;NA;NA;NA;"Neue Jahrb_cher f_r Antike und deutsche Bildung";"article";"EgermannF1940";"The Therapy of Desire"
"Fillion--Lahille, J.";"1970";"La colere chez Aristote.";NA;NA;NA;NA;"Revue des etudes antiques";"article";"FillionLahilleJ1970a";"The Therapy of Desire"
"Fitzgerald, W.";"1984";"Lucretius' Cure for Love in the De Rerum Natura.";NA;NA;NA;NA;"Classical World";"article";"FitzgeraldW1984";"The Therapy of Desire"
"Flintoff, E.";"1980";"Pyrrho and India.";NA;NA;NA;NA;"Phronesis";"article";"FlintoffE1980";"The Therapy of Desire"
"Gigante, M .";"1975";"Philosophia Medicans in Filodemo.";NA;NA;NA;NA;"Cronache Ercolanesi";"article";"GiganteM1975";"The Therapy of Desire"
"Gill, C .";"1983";"Did Chrysippus Understand Medea ?";NA;NA;NA;NA;"Phronesis";"article";"GillC1983";"The Therapy of Desire"
"Glibert-Thirry, A.";"1977";"La theorie stoicienne de la passion chez Chrysippe et son evolution chez Posidonius.";NA;NA;NA;NA;"Revue philosophique de Louvain";"article";"GlibertThirryA1977";"The Therapy of Desire"
"Glidden, D .";"1983";"Skeptic Semiotics.";NA;NA;NA;NA;"Phronesis";"article";"GliddenD1983";"The Therapy of Desire"
"Green, 0 . H .";"1982";"Fear of Death .";NA;NA;NA;NA;"Philosophy and Phenomenological Research";"article";"Green0H1982";"The Therapy of Desire"
"Griffin, M.";"1986";"Philosophy, Cato and Roman Suicide : I and II.";NA;NA;NA;NA;"Greece and Rome";"article";"GriffinM1986";"The Therapy of Desire"
"Grimal, P.";"1963";"Lucrece et son public.";NA;NA;NA;NA;"Revue des etudes latines";"article";"GrimalP1963";"The Therapy of Desire"
"Hadot, P.";"1990";"Forms of Life and Forms of Discourse in Ancient Philosophy.";NA;NA;NA;NA;"Critical Inquiry";"article";"HadotP1990";"The Therapy of Desire"
"Halperin, D .";"1986";"Plato and Erotic Reciprocity.";NA;NA;NA;NA;"Classical Antiquity";"article";"HalperinD1986";"The Therapy of Desire"
"Halperin, D .";"1989";"Plato and the Metaphysics of Desire .";NA;NA;NA;NA;"Proceedings of the Boston Area Colloquium for Ancient Philosophy";"article";"HalperinD1989";"The Therapy of Desire"
"Herington, C. J.";"1966";"Senecan Tragedy.";NA;NA;NA;NA;"Arion";"article";"HeringtonCJ1966";"The Therapy of Desire"
"House, D. K.";"1980";"The Life of Sextus Empiricus.";NA;NA;NA;NA;"Classical Quarterly";"article";"HouseDK1980";"The Therapy of Desire"
"Hutchinson, D .";"1988";"Doctrines of the Mean and the Debate Concerning Skills in Fourth-Century Medicine, Rhetoric, and Ethics.";NA;NA;NA;NA;"Apeiron";"article";"HutchinsonD1988";"The Therapy of Desire"
"Inwood, B .";"1987";"Goal and Target in Stoicism.";NA;NA;NA;NA;"Journal of Philosophy";"article";"InwoodB1987";"The Therapy of Desire"
"Jackson, H.";"1920";"Arisotle's Lecture Room and Lectures.";NA;NA;NA;NA;"Journal of Philology";"article";"JacksonH1920";"The Therapy of Desire"
"Jaeger, W";"1957";"Aristotle's Use of Medicine as Model of Method in His Ethics .";NA;NA;NA;NA;"Journal of Hellenic Studies";"article";"JaegerW1957";"The Therapy of Desire"
"Kenney, E. J.";"1970";"Doctus Lucretius .";NA;NA;NA;NA;"Mnemosyne";"article";"KenneyEJ1970";"The Therapy of Desire"
"Kerferd, G. B .";"1978";"The Origin of Evil in Stoic Thought.";NA;NA;NA;NA;"Bulletin of the John Rylands Library of Manchester";"article";"KerferdGB1978";"The Therapy of Desire"
"Knox, B.M.W.";"1958";"The Serpent and the Flame . ,";NA;NA;NA;NA;"American Journal of Philology";"article";"KnoxBMW1958";"The Therapy of Desire"
"Knox, B.M.W.";"1977";"The Medea of Euripides.";NA;NA;NA;NA;"Yale Classical Studies";"article";"KnoxBMW1977";"The Therapy of Desire"
"Leighton, S . R .";"1982";"Aristotle and the Emotions.";NA;NA;NA;NA;"Phronesis";"article";"LeightonSR1982";"The Therapy of Desire"
"Lesses, G.";"1989";"Virtue and the Goods of Fortune in Stoic Moral Theory.";NA;NA;NA;NA;"Oxford Studies in Ancient Philosophy";"article";"LessesG1989";"The Therapy of Desire"
"Long, A. A.";"1988";"Socrates in Hellenistic Philosophy.";NA;NA;NA;NA;"Classical Quarterly";"article";"LongAA1988";"The Therapy of Desire"
"Longo Auricchio, F.";"1978";"La scuola di Epicuro.";NA;NA;NA;NA;"Cronache Ercolanesi";"article";"LongoAuricchioF1978";"The Therapy of Desire"
"Luper-Foy, S.";"1987";"Annihilation .";NA;NA;NA;NA;"Philosophical Quarterly";"article";"LuperFoyS1987";"The Therapy of Desire"
"McPherran, M.";"1987";"Skeptical Homeopathy and Self-Refutation .";NA;NA;NA;NA;"Phronesis";"article";"McPherranM1987";"The Therapy of Desire"
"Marti, B.";"1945";"Seneca's Tragedies : A New Interpretation.";NA;NA;NA;NA;"Transactions of the American Philological Association";"article";"MartiB1945";"The Therapy of Desire"
"Marti, B.";"1947";"The Prototypes of Seneca's Tragedies .";NA;NA;NA;NA;"Classical Philology";"article";"MartiB1947";"The Therapy of Desire"
"Maurach, G .";"1966";"Jason und Medea bei Seneca.";NA;NA;NA;NA;"Antike und Abendland";"article";"MaurachG1966";"The Therapy of Desire"
"Miller, F.";"1976";"Epicurus on the Art of Dying .";NA;NA;NA;NA;"Southern Journal of Philosophy";"article";"MillerF1976";"The Therapy of Desire"
"Mitsis, P.";"1988";"Epicurus on Death and Duration .";NA;NA;NA;NA;"Proceedings of the Boston Area Colloquium for Ancient Philosophy";"article";"MitsisP1988";"The Therapy of Desire"
"Morrison, D .";"1990";"The Ancient Sceptic's Way of Life .";NA;NA;NA;NA;"Metaphilosophy";"article";"MorrisonD1990";"The Therapy of Desire"
"Murphy, J. G.";"1976";"Rationality and the Fear of Death .";NA;NA;NA;NA;"Monist";"article";"MurphyJG1976";"The Therapy of Desire"
"Murphy, J. G.";"1990";"Getting Even : The Role of the Victim.";NA;NA;NA;NA;"Social Philosophy and Public Policy";"article";"MurphyJG1990";"The Therapy of Desire"
"Nussbaum, M.";"1972";"Psuche in Heraclitus, II.";NA;NA;NA;NA;"Phronesis";"article";"NussbaumM1972";"The Therapy of Desire"
"Nussbaum, M .";"1991";"Review of Mitsis (1988a)";NA;NA;NA;NA;"Philosophy and Phenomenological Research";"article";"NussbaumM1991a";"The Therapy of Desire"
"Nussbaum, M.";"1991";"Review of Vlastos";NA;NA;NA;NA;"New Republic";"article";"NussbaumM1991b";"The Therapy of Desire"
"Nussbaum, M.";"1992";"Tragedy and Self-Sufficiency : Plato and Aristotle on Fear and Pity.";NA;NA;NA;NA;"Oxford Studies in Ancient Philosophy";"article";"NussbaumM1992";"The Therapy of Desire"
"Pangle, T.";"1990";"The Classical Challenge to the American Constitution.";NA;NA;NA;NA;"Chicago-Kent Law Review";"article";"PangleT1990";"The Therapy of Desire"
"Partridge, E.";"1981";"Posthumous Interests and Posthumous Respect.";NA;NA;NA;NA;"Ethics";"article";"PartridgeE1981";"The Therapy of Desire"
"Pitcher, G.";"1984";"The Misfortunes of the Dead.";NA;NA;NA;NA;"American Philosophical Quarterly";"article";"PitcherG1984";"The Therapy of Desire"
"Pohlenz, M.";"1938";"Zenon und Chrysipp.";NA;NA;NA;NA;"Nachrichten von der Gesellschaft der Wissenschaften zu G_ttingen";"article";"PohlenzM1938";"The Therapy of Desire"
"Pratt, N. T.";"1948";"The Stoic Base of Senecan Drama .";NA;NA;NA;NA;"Transactions of the American Philological Association";"article";"PrattNT1948";"The Therapy of Desire"
"Putnam, M.C.J.";"1985";"Possessiveness, Sexuality, and Heroism in the Aeneid.";NA;NA;NA;NA;"Vergilius";"article";"PutnamMCJ1985";"The Therapy of Desire"
"Putnam, M.C.J.";"1987";"Daedalus, Virgil and the End of Art .";NA;NA;NA;NA;"American Journal of Philology";"article";"PutnamMCJ1987";"The Therapy of Desire"
"Rawls, J.";"1980";NA;NA;NA;NA;NA;"Kantian Constructivism in Moral Theory";"article";"RawlsJ1980";"The Therapy of Desire"
"Rorty, A.";"1983";"Fearing Death .";NA;NA;NA;NA;"Philosophy";"article";"RortyA1983";"The Therapy of Desire"
"Rosenbaum, S.";"1986";"How to Be Dead and Not Care : A Defense of Epicurus.";NA;NA;NA;NA;"American Philosophical Quarterly";"article";"RosenbaumS1986";"The Therapy of Desire"
"Segal, C. P.";"1983";"Boundary Violation and the Landscape of the Self in Senecan Tragedy.";NA;NA;NA;NA;"Antike und Abendland";"article";"SegalCP1983";"The Therapy of Desire"
"Segal, C. P.";"1986";"War, Death and Savagery in Lucretius : The Beasts of Battle in 5 . 1308 -49 .";NA;NA;NA;NA;"Ramus";"article";"SegalCP1986";"The Therapy of Desire"
"Segal, C. P.";"1988";"Poetic Immortality and the Fear of Death : The Second Proem of the De Rerum Natura .";NA;NA;NA;NA;"Harvard Studies in Classical Philology";"article";"SegalCP1988";"The Therapy of Desire"
"Segal, C. P .";"1989";"Poetic Immortality and the Fear of Death : The Second Proem of the De Rerum Natura.";NA;NA;NA;NA;"Harvard Studies in Classical Philology";"article";"SegalCP1989";"The Therapy of Desire"
"Silverstein, H.";"1980";"The Evil of Death .";NA;NA;NA;NA;"Journal of Philosophy";"article";"SilversteinH1980";"The Therapy of Desire"
"Stewart, Z.";"1958";"Democritus and the Cynics.";NA;NA;NA;NA;"Harvard Studies in Classical Philology";"article";"StewartZ1958";"The Therapy of Desire"
"Stough, C .";"1984";"Sextus Empiricus on Non-Assertion.";NA;NA;NA;NA;"Phronesis";"article";"StoughC1984";"The Therapy of Desire"
"Striker, G .";"1983";"The Role of Oikeiosis in Stoic Ethics.";NA;NA;NA;NA;"Oxford Studies in Ancient Philosophy";"article";"StrikerG1983";"The Therapy of Desire"
"Striker, G .";"1988";"Epicurus on Death and Duration .";NA;NA;NA;NA;"Comments on P. Mitsis, Proceedings of the Boston Area Colloquium in Ancient Philosophy";"article";"StrikerG1988";"The Therapy of Desire"
"Sudhaus, S .";"1911";"Epicur als Beichtvater.";NA;NA;NA;NA;"Archiv fur Religionswissenschaft";"article";"SudhausS1911";"The Therapy of Desire"
"Sumner, L. S .";"1976";"A Matter of Life and Death .";NA;NA;NA;NA;"Nous";"article";"SumnerLS1976";"The Therapy of Desire"
"Sunstein, C.";"1991";"Preferences and Politics.";NA;NA;NA;NA;"Philosophy and Public Affairs";"article";"SunsteinC1991";"The Therapy of Desire"
"Davies, H.";"1986";"Notes on Lucretius .";NA;NA;NA;NA;"Criterion";"article";"DaviesH1986";"The Therapy of Desire"
"Tadic-Gilloteaux, N.";"1963";"Sfoeque face au suicide .";NA;NA;NA;NA;"L'antiquite classique";"article";"TadicGilloteauxN1963";"The Therapy of Desire"
"Taylor, C.C.W.";"1987";"Review of Schofield and Striker";NA;NA;NA;NA;"Oxford Studies in Ancient Philosophy";"article";"TaylorCCW1987";"The Therapy of Desire"
"Vlastos, G.";"1941";"Slavery in Plato's Thought.";NA;NA;NA;NA;"Philosophical Review";"article";"VlastosG1941";"The Therapy of Desire"
"Vlastos, G.";"1983";"The Socratic Elenchus.";NA;NA;NA;NA;"Oxford Studies in Ancient Philosophy";"article";"VlastosG1983";"The Therapy of Desire"
"Vlastos, G .";"1985";"Socrates' Disavowal of Knowledge.";NA;NA;NA;NA;"Philosophical Quarterly";"article";"VlastosG1985";"The Therapy of Desire"
"Voelke, A. J.";"1965";"L'unite de l'ame clans l'ancien stoicisme.";NA;NA;NA;NA;"Studia Philosophica";"article";"VoelkeAJ1965";"The Therapy of Desire"
"White, N. P.";"1979";"The Basis of Stoic Ethics.";NA;NA;NA;NA;"Harvard Studies in Classical Philology";"article";"WhiteNP1979";"The Therapy of Desire"
"Whitehead, D .";"1975";"Aristotle the Metic.";NA;NA;NA;NA;"Proceedings of the Cambridge Philological Society";"article";"WhiteheadD1975";"The Therapy of Desire"
"Williams, B.A.0.";"1962";"Aristotle on the Good: A Formal Sketch .";NA;NA;NA;NA;"Philosophical Quarterly";"article";"WilliamsBA01962";"The Therapy of Desire"
"Wormell, D.E.W.";"1960";"Lucretius : The Personality of the Poet.";NA;NA;NA;NA;"Greece and Rome";"article";"WormellDEW1960";"The Therapy of Desire"
"Young, C.";"1988";"Aristotle on Temperance.";NA;NA;NA;NA;"Philosophical Review";"article";"YoungC1988";"The Therapy of Desire"
"Yourgrau, P.";"1987";"The Dead.";NA;NA;NA;NA;"Journal of Philosophy";"article";"YourgrauP1987";"The Therapy of Desire"
"Ziegler, K.";"1936";"Der Tod des Lucretius .";NA;NA;NA;NA;"Hermes";"article";"ZieglerK1936";"The Therapy of Desire"
"Fillion-Lahille, J.";"1970";"La colere chez Aristote";NA;NA;NA;NA;"Revue des etudes antiques";"article";"FillionLahilleJ1970b";"The Therapy of Desire"
"Green, O. H .";"1982";"Fear of Death";NA;NA;NA;NA;"Philosophy and Phenomenological Research";"article";"GreenOH1982";"The Therapy of Desire"
"Ackrill, J.";"1980";"Aristotle on Eudaimonia .";"Essays on Aristotle's Ethics";NA;"15-33";NA;NA;"chapter";"Ackrill1980";"The Therapy of Desire"
"Annas, J.";"1980";"Truth and Knowledge.";"Doubt and Dogmatism: Studies in Hellenistic Epistemology";NA;"84-104";NA;NA;"chapter";"Annas1980";"The Therapy of Desire"
"Annas, J .";"1986";"Doing without Obj ective Values : Ancient and Modern Strategies.";"Schofield and Striker ( 1986)";NA;"31-ßíâ";NA;NA;"chapter";"Annas1986";"The Therapy of Desire"
"Austin, J . L.";"1961";"Agathon and eudaimonia in the Ethics of Aristotle.";"Philosophical Papers";NA;"31-ßíâ";NA;NA;"chapter";"Austin1961";"The Therapy of Desire"
"Barnes, J.";"1982";"Medicine, Experience and Logic.";"Science and Speculation";NA;"24-68";NA;NA;"chapter";"Barnes1982a";"The Therapy of Desire"
"Boyance, P.";"1963";"Le stoicisme a Rome.";"Actes du VIIIe Congr_s";NA;"218-55";NA;NA;"chapter";"Boyance1963";"The Therapy of Desire"
"Brock, D .";"1993";"Quality of Life Judgments in Health Care and Medical Ethics.";"The Quality of Life";NA;"95-132";NA;NA;"chapter";"Brock1993";"The Therapy of Desire"
"Brunschwig, J.";"1980";"Proof Defined.";"Doubt and Dogmatism: Studies in Hellenistic Epistemology";NA;"125-60";NA;NA;"chapter";"Brunschwig1980";"The Therapy of Desire"
"Brunschwig, J.";"1986";"The Cradle Argument in Epicureanism and Stoicism.";"The Norms of Nature";NA;"113-44";NA;NA;"chapter";"Brunschwig1986";"The Therapy of Desire"
"Brunschwig, J.";"1992";"Pyrrhon et Philista.";"""Chercheurs de sagesse "": Hom mage a Jean Pipin";NA;"133-46";NA;NA;"chapter";"Brunschwig1992";"The Therapy of Desire"
"Burnyeat, M. F.";"1980";"Can the Sceptic Live His Scepticism ?";"Doubt and Dogmatism: Studies in Hellenistic Epistemology";NA;"20-53";NA;NA;"chapter";"Burnyeat1980a";"The Therapy of Desire"
"Burnyeat, M. F.";"1980";"Aristotle on Learning to Be Good.";"Essays on Aristotle's Ethics";NA;"69-92";NA;NA;"chapter";"Burnyeat1980b";"The Therapy of Desire"
"Burnyeat, M. F.";"1982";"The Origins of Non-deductive Inference.";"Science and Speculation";NA;"193-238";NA;NA;"chapter";"Burnyeat1982";"The Therapy of Desire"
"Burnyeat, M. F.";"1984";"The Sceptic in His Place and Time.";"Philosophy in History, ed. R. Rorty, J. B . Schneewind, and Q. Skinner,";NA;"225-254";NA;NA;"chapter";"Burnyeat1984";"The Therapy of Desire"
"Cavell, S.";"1969";"Knowing and Acknowledging.";"Must We Mean What We Say?";NA;"238-66";NA;NA;"chapter";"Cavell1969";"The Therapy of Desire"
"Clay, D .";"1976";"The Sources of Lucretius' Inspiration .";"Etudes sur l'epicurisme antique";NA;"203-27";NA;NA;"chapter";"Clay1976";"The Therapy of Desire"
"Clay, D .";"1983";"Individual and Community in the First Generation of the Epi curean School.";"Syze_t__sis, studi sull'epicureismo greco e romano offerti a Marcello Gigante";NA;"255-79";NA;NA;"chapter";"ClayNA";"The Therapy of Desire"
"Clay, D .";"1984";"The Cult of Epicurus : An Interpretation of Philodemus On Epicurus (P Here 1232) and Other Texts. In";"Atti del XVII Congresso Inter nazionale di Papirologia";NA;"677-79";NA;NA;"chapter";"Clay1984a";"The Therapy of Desire"
"Edelstein, L.";"1967";"Empiricism and Scepticism in the Teaching of the Greek Empiricist School .";"Ancient Medicine";NA;NA;NA;NA;"chapter";"Edelstein1967";"The Therapy of Desire"
"Eliot, T. S .";"1951";"Seneca in Elizabethan Translation";"Selected Essays";NA;NA;NA;NA;"chapter";"Eliot1951";"The Therapy of Desire"
"Fantham, E.";"1973";"Divus Epicurus : Zur Problemgeschichte philosophischer Reli giositat bei Lucrez.";"Aufstieg und Niedergang der romischen Wett";NA;NA;NA;NA;"chapter";"Fantham1982b";"The Therapy of Desire"
"Fauth,";"1973";"Divus Epicurus : Zur Problemgeschichte philosophischer Reli giositat bei Lucrez.";"Aufstieg und Niedergang der romischen Wettt";NA;"205-25";NA;NA;"chapter";"Fauth1973";"The Therapy of Desire"
"Feinberg, J.";"1977";"Harm and Self-Interest.";"Law, Morality, and Society: Essays in Honour of H.L.A. Hart, ed. P.M.S. Hacker and J. Raz,";NA;"284-308";NA;NA;"chapter";"Feinberg1977";"The Therapy of Desire"
"Fowler, D . P.";"1989";"Lucretius and Politics.";"Philosophia Tagata";NA;"120-50";NA;NA;"chapter";"Fowler1989";"The Therapy of Desire"
"Frede, M.";"1979";"Des Skeptikers Meinungen.";"Essays in Ancient Philosophy";NA;"15-16";NA;NA;"chapter";"Frede1979";"The Therapy of Desire"
"Frede, M.";"1982";"The Method of the So-Called Methodical School of Medicine.";"Science and Speculation";NA;"23-ßíâ";NA;NA;"chapter";"Frede1982";"The Therapy of Desire"
"Frede, M.";"1983";"Stoics and Sceptics on Clear and Distinct Ideas .";"The Skeptical Tradition";NA;"65-94";NA;NA;"chapter";"Frede1983";"The Therapy of Desire"
"Frede, M.";"1984";"The Sceptics' Two Kinds of Assent and the Question of the Possibility of Knowledge.";"Philosophy in History";NA;"255-78";NA;NA;"chapter";"Frede1984";"The Therapy of Desire"
"Frede, M.";"1986";"The Stoic Doctrine of the Affections of the Soul .";"The Norms of Nature";NA;"93-110";NA;NA;"chapter";"Frede1986";"The Therapy of Desire"
"Furley, D . J.";"1978";"Lucretius the Epicurean on the History of Man .";"Entretiens sur L'Antiquite Classique";NA;"1-37";NA;NA;"chapter";"Furley1978";"The Therapy of Desire"
"Furley, D. J.";"1986";"Nothing to Us ?";"The Norms of Nature";NA;"75-91";NA;NA;"chapter";"Furley1986";"The Therapy of Desire"
"Fyfe, H .";"1983";"An Analysis of Seneca's Medea.";"Seneca Tragicus";NA;"77-93";NA;NA;"chapter";"Fyfe1983";"The Therapy of Desire"
"Graver, M.";"1990";"The Eye of the Beholder : Lucretius on Perceptual Relativity.";"The Poetics of Therapy: Hellenistic Ethics in Its Rhetorical and Literary Context";NA;"91-116";NA;NA;"chapter";"Graver1990";"The Therapy of Desire"
"Griffin, M.";"1989";"Philosophy, Politics and Politicians at Rome.";"Philosophia Tagata";NA;"1-37";NA;NA;"chapter";"Griffin1989";"The Therapy of Desire"
"Housman, A. E .";"1972";"Lucretiana .";"The Classical Papers of A . E. Housman";NA;"432-35";NA;NA;"chapter";"Housman1972";"The Therapy of Desire"
"Inwood, B .";"1993";"Seneca on Emotion and Action.";"Brunschwig and Nussbaum ( 1993 )";NA;"150-83";NA;NA;"chapter";"Inwood1993";"The Therapy of Desire"
"Irwin, T. H.";"1986";"Stoic and Aristotelian Conceptions of Happiness.";"The Norms of Nature";NA;"205-44";NA;NA;"chapter";"Irwin1986";"The Therapy of Desire"
"Kenny, A.";"1973";"Mental Health in Plato's Republic.";"The Anatomy of the Soul";NA;"27-ßíâ";NA;NA;"chapter";"Kenny1973";"The Therapy of Desire"
"Kidd, I. G.";"1971";"The Stoic Intermediates and the End for Man.";"Problems in Stoicism";NA;"150-72";NA;NA;"chapter";"Kidd1971a";"The Therapy of Desire"
"Kidd, I. G.";"1971";"Posidonius on Emotions.";"Problems in Stoicism";NA;"200-215";NA;NA;"chapter";"Kidd1971b";"The Therapy of Desire"
"Kosman, L. A.";"1976";"Platonic Love.";"Facets of Plato 's Philosophy,";NA;"53-69";NA;NA;"chapter";"Kosman1976";"The Therapy of Desire"
"Lawall, G.";"1979";"Seneca's Medea, The Elusive Triumph of Civilization.";"Arktourus: Hellenic Studies Presented to B .M. W. Knox";NA;"419-26";NA;NA;"chapter";"Lawall1979";"The Therapy of Desire"
"Lloyd, A. C.";"1978";"Emotion and Decision in Stoic Psychology.";"The Stoics";NA;"233-46";NA;NA;"chapter";"Lloyd1978";"The Therapy of Desire"
"Long, A. A.";"1981";"Aristotle and the History of Greek Scepticism .";"Studies in Aristotle";NA;"76-106";NA;NA;"chapter";"Long1981";"The Therapy of Desire"
"Marx, K.";"1841";"Difference between the Democritean and Epicurean Philosophy of Nature";"Collected Works, Vol. 1";NA;"25-74";NA;NA;"chapter";"Marx1841";"The Therapy of Desire"
"Mill, J. S.";"1961";"""Nature"" In Three Essays on Religion";"The Philosophy ofJohn Stuart Mill";NA;NA;NA;NA;"chapter";"Mill1961";"The Therapy of Desire"
"Nagel, T.";"1979";"Death .";"Mortal Questions";NA;"10-ßíâ";NA;NA;"chapter";"Nagel1979";"The Therapy of Desire"
"Nietzsche, Fr.";"1888";"Twilight of the Idols";"The Viking Portable Nietzsche";NA;"463-563";NA;NA;"chapter";"Nietzsche1888";"The Therapy of Desire"
"Nussbaum, M.";"1986";"Therapeutic Arguments : Epicurus and Aristotle.";"The Norms of Nature";NA;"31-74";NA;NA;"chapter";"Nussbaum1986b";"The Therapy of Desire"
"Nussbaum, M.";"1990";"Aristotelian Social Democracy.";"Liberalism and the Good";NA;"203-52";NA;NA;"chapter";"Nussbaum1990b";"The Therapy of Desire"
"Nussbaum, M.";"1990";"Therapeutic Arguments and Structures of Desire .";"Differences 2: 46-66. Society and Sexuality in Ancient Greece and Rome";NA;"46-66";NA;NA;"chapter";"Nussbaum1990c";"The Therapy of Desire"
"Nussbaum, M.";"1993";"Poetry and the Passions : Two Stoic Views.";"Brunsch wig and Nussbaum ( 1993 ) 97-";NA;"97-149";NA;NA;"chapter";"Nussbaum1993a";"The Therapy of Desire"
"Nussbaum, M.";"1993";"The Oedipus Rex and the Ancient Unconscious.";"Freud and Forbidden Knowledge";NA;NA;NA;NA;"chapter";"Nussbaum1993c";"The Therapy of Desire"
"Price, A. W.";"1990";"Plato and Freud.";"The Person and the Human Mind, ed. C. Gill,";NA;"247-70";NA;NA;"chapter";"Price1990";"The Therapy of Desire"
"Putnam, H .";"1993";"Objectivity and the Science-Ethics Distinction .";"The Quality of Life";NA;"143-57";NA;NA;"chapter";"Putnam1993";"The Therapy of Desire"
"Putnam, M.C.J.";"1990";"Anger and Blindness in Virgil's Aeneid.";"Nussbaum ( 1990d) 1 -";NA;"1-40";NA;NA;"chapter";"Putnam1990";"The Therapy of Desire"
"Richardson, H.";"1992";"Desire and the Good in De Anima.";"Essays on Aristotle's De Anima";NA;"382-99";NA;NA;"chapter";"Richardson1992";"The Therapy of Desire"
"Rosenbaum, S.";"1987";"The Harm of Killing: An Epicurean Perspective.";"Contemporary Essays on Greek Ideas: The Kilgore Festschrift";NA;"207-26";NA;NA;"chapter";"Rosenbaum1987";"The Therapy of Desire"
"Schrijvers, P. H.";"1969";"Elements psychagogiques dans l'oeuvre de Lucrece.";"Actes du VIIe Congres de l'Association G. Bude";NA;"370-76";NA;NA;"chapter";"Schrijvers1969";"The Therapy of Desire"
"Sedley, D.";"1980";"The Protagonists.";"Doubt and Dogmatism: Studies in Hellenistic Epistemology";NA;"19-ßíâ";NA;NA;"chapter";"Sedley1980";"The Therapy of Desire"
"Sedley, D .";"1983";"The Motivation of Greek Skepticism.";"The Skeptical Tradition";NA;"30-ñåíò";NA;NA;"chapter";"Sedley1983";"The Therapy of Desire"
"Sedley, D .";"1983";"Epicurus' Refutation of Determinism.";"Syzetesis: Studi sull' epicureismo greco e romano offerti a Marcello Gigante";NA;"11-51";NA;NA;"chapter";"Sedley1983b";"The Therapy of Desire"
"Segal, C. P.";"1983";"Dissonant Sympathy : Song, Orpheus, and the Golden Age in Seneca's Tragedies .";"Seneca Tragicus";NA;"229-51";NA;NA;"chapter";"Segal1983";"The Therapy of Desire"
"Sen, A.";"1982";"Equality of What ?";"Choice, Welfare, and Measurement";NA;"353-69";NA;NA;"chapter";"Sen1982";"The Therapy of Desire"
"Sorabji, R.";"1980";"Aristotle on the Role of Intellect in Virtue.";"Essays on Aristotle's Ethics";NA;"201-20";NA;NA;"chapter";"Sorabji1980";"The Therapy of Desire"
"Striker, G.";"1980";"Sceptical Strategies .";"Doubt and Dogmatism: Studies in Hellenistic Epistemology";NA;"54-83";NA;NA;"chapter";"Striker1980";"The Therapy of Desire"
"Striker, G.";"1986";"Anti pater, or the Art of Living.";"The Norms of Nature";NA;"185-204";NA;NA;"chapter";"Striker1986";"The Therapy of Desire"
"Taylor, Charles.";"1993";"E.xplanation and Practical Reason.";"The Quality of Life";NA;"208-31";NA;NA;"chapter";"Taylor1993";"The Therapy of Desire"
"Taylor, C.C.W.";"1980";"All Perceptions Are True.";"Doubt and Dogmatism: Studies in Hellenistic Epistemology";NA;"105-24";NA;NA;"chapter";"Taylor1980";"The Therapy of Desire"
"Williams, B.A.0.";"1973";"The Makropulos Case : Reflections on the Tedium of Immortality.";"Problems of the Self";NA;"82-100";NA;NA;"chapter";"Williams1973";"The Therapy of Desire"
"Wright, J. R.G.";"1974";"Form and Content in the Moral Essays.";"Seneca";NA;NA;NA;NA;"chapter";"Wright1974";"The Therapy of Desire"
"";NA;"";"";NA;"";NA;NA;"";"NA";"The Therapy of Desire"
"Caston, V.";"1992";"Aristotle on Intentionality.";NA;NA;NA;"University of Texas at Austin";NA;"dissertation";"Caston1992";"The Therapy of Desire"
"Lawless, J.";"1991";"Equity Argumentation in Isaeus.";NA;NA;NA;"Brown University";NA;"dissertation";"Lawless1991";"The Therapy of Desire"
"Burnyeat, M. F.";NA;"Greek Freedom .";NA;NA;NA;NA;NA;"forthcoming";"Burnyeat_forthcominga";"The Therapy of Desire"
"Burnyeat, M . F .";NA;"Carneades.";NA;NA;NA;NA;NA;"forthcoming";"Burnyeat_forthcomingb";"The Therapy of Desire"
"Caston, V.";NA;"The Problem of Intentionality in Ancient Greek Philosophy";NA;NA;NA;NA;NA;"forthcoming";"Caston_forthcoming";"The Therapy of Desire"
"Nussbaum, M.";NA;"Upheavals of Thought: A Theory of the Emotions";NA;NA;NA;NA;NA;"forthcoming";"Nussbaum_forthcominga";"The Therapy of Desire"
"Nussbaum, M.";NA;"Aristotle on Human Nature and the Foundations of Ethics";NA;NA;NA;NA;NA;"forthcoming";"Nussbaum_forthcomingb";"The Therapy of Desire"
"Putnam, H .";NA;"Pragmatism and Moral Objectivity.";NA;NA;NA;NA;NA;"forthcoming";"Putnam_forthcominga";"The Therapy of Desire"
"Putnam, M.C.J.";NA;"Senecan Tragedy and Virgil's Aeneid.";NA;NA;NA;NA;NA;"forthcoming";"Putnam_forthcomingb";"The Therapy of Desire"
"Winkler, J. J.";NA;"Martin Classical Lectures";NA;NA;NA;NA;NA;"forthcoming";"Winkler_forthcoming";"The Therapy of Desire"
"Duncan, C. M.";"1991";"Diseases of Judgment: The Emotions in Stoic Psychology and Ethics.";NA;NA;NA;NA;NA;"other";"Duncan1991";"The Therapy of Desire"
"Englert, W.";"1990";"Seneca and the Stoic View of Suicide .";NA;NA;NA;NA;NA;"other";"Englert1990";"The Therapy of Desire"
"Nussbaum, M.";"1993";"Equity and Mercy.";NA;NA;NA;NA;NA;"other";"Nussbaum1993b";"The Therapy of Desire"
